,puck,id,L
CTCCACACCTGATA,SW6,Sst Crh,L6
AGGAGTAATTAAAG,SW6,Sst Crh,L6
ACGGTCCAGGGATR,SW6,Sst Crh,L5
CAAAGTAAACGAAG,SW6,Sst Myh8,L5
CAAGGTTTTAGTCG,SW6,Sst Myh8,L5
TCGGCCAATAGCTA,SW6,Sst Crh,L6
CACKTTCGGACAAT,SW6,Sst Mme,L2_3
TCTRGGAACTCCAA,SW6,Sst Hpse,L4
GAAYTAATATTTGC,SW6,Sst Calb2,L4
GACGCAGATCGACC,SW6,Sst Hpse,L5
CGTCCATATTCTAG,SW6,Sst Crh,L6
TCATGGGTGCGGAC,SW6,Sst Mme,L4
TGAGTCAAACGTCC,SW6,Sst Crh,L6
TCAATGGTACCAGA,SW6,Sst Mme,L2_3
CTGCAGTGAAGCGT,SW6,Sst Crh,L5
CTTTCTCCACATCA,SW6,Sst Syndig1l,L4
CAGATCGWCGGACC,SW6,Sst Mme,L2_3
TATGCTGTGTGGAG,SW6,Sst Crh,L5
CCGCTCGCCGTGTC,SW6,Sst Mme,L2_3
CGCGTTTGCCCGTG,SW6,CHODL,L6b
TCAGGCCGTACGTG,SW6,Sst Nmbr,L6
AKGAAGGACGGTCT,SW6,Sst Hpse,L5
CCGACAACAGGGTC,SW6,Sst Crh,L6
TGTCCCGTCGTCTA,SW6,CHODL,L6
ACTTAAAATGTCCA,SW6,Sst Mme,L2_3
ACGATCACATGTTA,SW6,Sst Crh,L5
GAAGCAAAAGCACA,SW6,Sst Hpse,L4
TCGGGACGGATCCT,SW6,Sst Mme,L4
CCGCATAAGCTGGA,SW6,Sst Calb2,L2_3
ACCATGAATATCAC,SW6,Sst Nmbr,L6
ACTAGTTGGCATAT,SW6,CHODL,L6
TTGTGCCGGGTCTT,SW6,Sst Crh,L5
TCGGAACVCCCGGC,SW6,Sst Crh,L6
CTAATAGTGGCCCG,SW6,Sst Hpse,L5
GCGTAAATAGCGCC,SW6,Sst Hpse,L4
CGGTCAGATAACAA,SW6,Sst Myh8,L5
GGCAGAAACCTCGC,SW6,Sst Hpse,L5
ATATAACAGATGTG,SW6,CHODL,L5
AATGTCCAGTCATT,SW6,Sst Calb2,L4
GGCGCCCAGAATGG,SW6,Sst Hpse,L5
TACTTTGGTGAKTG,SW6,Sst Crh,L5
GGAATGTCCTTAGT,SW6,Sst Crh,L6
ATTTATGCGGTTCT,SW6,Sst Crh,L6
CATGAATGATATGG,SW6,Sst Crh,L6
AGGGGTATGATGCC,SW6,Sst Crh,L6
CGCTTGTACTCCGG,SW6,Sst Etv1,L5
CGGTTACATGCCCT,SW6,Sst Nmbr,L6
TGAGTTCAGACGTC,SW6,Sst Crh,L6
GTGGAGTCGAAGGC,SW6,Sst Mme,L4
TTAGAKTAGAGCGG,SW6,Sst Crh,L4
GCCCGAACATGACG,SW6,Sst Nmbr,L6
TGTTAGTCGTTCCA,SW6,CHODL,L6
AGCCAGTGGACGGG,SW6,Sst Nmbr,L5
CTTTAGGGGAGACG,SW6,Sst Myh8,L4
CCCTCCAGGATGAC,SW6,CHODL,L6b
CGACCCGTTATTGC,SW6,CHODL,L6
TGATAAGGCGGTGT,SW6,Sst Calb2,L2_3
GATTGTTGAGCGGT,SW6,CHODL,L6b
TCAGGACAATCAAA,SW6,Sst Myh8,L5
GAGCGCCCTTTGGG,SW6,Sst Syndig1l,L6
GGCACCGGTTGCTG,SW6,CHODL,L6b
TCCAATGGTTAGGA,SW6,Sst Syndig1l,L6
AATGCGCCAAGCCG,SW6,Sst Calb2,L4
ACCAGACAGGAGTG,SW6,Sst Nmbr,L6
CCCAGTAAGTAATT,SW6,Sst Myh8,L5
CTTCCCGACGAACG,SW6,Sst Crh,L5
ACTCGGTTAAACCG,SW6,Sst Hpse,L4
TGTCAACCGGGGTG,SW6,Sst Crh,L5
TCATTATGACCCGT,SW6,Sst Calb2,L4
AGAAACCCTGTACT,SW6,Sst Hpse,L4
GCGCACAGGCTGAC,SW6,Sst Hpse,L5
ACTACGTAAACCAT,SW6,Sst Crh,L6
ATAATCCCGGCAAC,SW6,Sst Nmbr,L6
TCCGCCGAGTACCG,SW6,Sst Nmbr,L6
TTCTCACACTTAAA,SW6,Sst Hpse,L4
CAAAGTGCCCGCAG,SW6,Sst Hpse,L4
CCCATCCATTCAGA,SW6,Sst Myh8,L5
GCCGCSCTGCCTCA,SW6,Sst Calb2,L4
CTTGCCTATCTCCG,SW6,Sst Myh8,L5
AGGTGGTTGCCAAC,SW6,CHODL,L5
ATCACGTCCAAAGC_1,SW6,CHODL,L5
TGTTACCCATTACA_1,SW6,Sst Hpse,L5
GTCGAAAACGCAAG_1,SW6,Sst Crh,L6
CCCATTCATGCCTT_1,SW6,Sst Hpse,L4
GGCTAACAGTAGTC_1,SW6,CHODL,L6b
CCCAATTTAATAGC-1,SW55,Sst Hpse,L5
CATTACACGCAGCC-1,SW55,Sst Crh,L5
CACATTATACATCT-1,SW55,Sst Crh,L5
GTTCTGAGACGTTT-1,SW55,Sst Crh,L5
CGTTGTGCGTGGGA-1,SW55,Sst Myh8,L6
ATAGAAANAGAGCG-1,SW55,Sst Crh,L5
GTGATAGAGGGGTC-1,SW55,Sst Nmbr,L6
CGGTTCCGAACCTA-1,SW55,CHODL,L6
GTTNAATGGGAGCT-1,SW55,CHODL,L6
AAAGGGATATTCAC-1,SW55,Sst Hpse,L5
TCGGTATNATAGAG-1,SW55,Sst Mme,L2_3
ACCCATTANAAAGC-1,SW55,CHODL,L6
TTTGCCAAGTGAAT-1,SW55,CHODL,L5
CAACCTCGTACAGT-1,SW55,CHODL,L2_3
GAAACAGTACTCAC-1,SW55,CHODL,L2_3
TCGGGCGGCTTTAT-1,SW55,CHODL,L5
GGCTCAACAGCAAC-1,SW55,CHODL,L6
TGACTACCAGACCG-1,SW55,CHODL,L6
AGGCCNTCGGCCGC-1,SW55,Sst Nmbr,L6
TCGNGTTNATTCTA-1,SW55,Sst Myh8,L5
GCATGNCTGGTTAC-1,SW55,Sst Hpse,L5
CCTCAAAGATGCAG-1,SW55,Sst Mme,L5
CTCCCTTTACAAGA-1,SW55,Sst Crh,L4
GGAGTGCAACGTAA-1,SW55,Sst Crh,L6
CTACNACCTAACCA-1,SW55,Sst Hpse,L4
GCCGCCCTGATGCA-1,SW55,CHODL,L5
ACGGCGAAGGGAGG-1,SW55,Sst Crh,L6
GATCACTAAAGATG-1,SW55,Sst Hpse,L4
CGCTTNATTAAACT-1,SW55,Sst Myh8,L5
AACCCAATNATTGG-1,SW55,Sst Nmbr,L6
CCAAAGGGGCCCTT-1,SW55,Sst Nmbr,L5
GTAGTAATGATGCG-1,SW55,CHODL,L6
GGAAGGTCATCTTT-1,SW55,Sst Crh,L5
GCAAATACTGTACC-1,SW55,Sst Hpse,L4
GAGAGGGAATGCTC-1,SW55,CHODL,L5
CCGCCTAGTTTACG-1,SW55,Sst Hpse,L4
GCTGGACCGGCCCA-1,SW55,Sst Syndig1l,L5
TTATAAGCGTTGCC-1,SW55,Sst Mme,L2_3
CCGTTATCGACCAG-1,SW55,Sst Calb2,L2_3
ATTGCTGAAGTCCG-1,SW55,CHODL,L5
TCGTAGACAGGTCA-1,SW55,CHODL,L5
TATGCGGCAGTCTG-1,SW55,CHODL,L6
AGCCAGAAGAGGGT-1,SW55,Sst Etv1,L5
CGCCCGTATTAGCC-1,SW55,Sst Mme,L6
ATGCGCCTNAAAAG-1,SW55,Sst Mme,L2_3
TACGTAGCAGGAGC-1,SW55,CHODL,L5
CTTAAGGGACGTCT-1_1,SW55,Sst Myh8,L5
AGGTATGANAGGCC-1_1,SW55,Sst Hpse,L5
AAACTGCANTGAAT-1_1,SW55,Sst Crh,L5
AGACACCATTCGTC-1_1,SW55,CHODL,L6
CTCGGTTAAAACCA-1_1,SW55,Sst Hpse,L5
GACTGACCGCTGAC-1_1,SW55,Sst Nmbr,L5
CCCAAAAAACGCCT-1,SW31,Sst Hpse,L4
AACACCCCGAAAGA-1,SW31,Sst Crh,L6
GGCAATTCAGGTGG-1,SW31,Sst Mme,L2_3
CAGGAATCGACAGG-1,SW31,Sst Nmbr,L6
CCCCTACAGCATAT-1,SW31,Sst Hpse,L5
CGTAGTGGACGTGT-1,SW31,Sst Crh,L6
ACATTAAGATAGAT-1,SW31,Sst Calb2,L4
CATCGTCCCGAATT-1,SW31,Sst Myh8,L5
GTCCAACACAGTTT-1,SW31,Sst Crh,L6
TCAATCCCGTTACG-1,SW31,Sst Hpse,L5
GATCGTTGGGCAAC-1,SW31,Sst Etv1,L5
TTTTCAGACGAGAT-1,SW31,CHODL,L2_3
ACTCACGTGCATAA-1,SW31,Sst Nmbr,L5
TAACTGAAGCCCCC-1,SW31,Sst Mme,L2_3
TAGTTTCTGGAACT-1,SW31,Sst Crh,L6
CGCAAACGGCTCCA-1,SW31,CHODL,L2_3
ACCCATAACACTAC-1,SW31,Sst Myh8,L5
ATGTGCTATTCCAG-1,SW31,Sst Hpse,L5_6
GTTCCCCAACAGTA-1,SW31,Sst Calb2,L4
CCGGGCGACTCCCT-1,SW31,CHODL,L2_3
GATGAATTGGGGAG-1,SW31,Sst Calb2,L2_3
CCGCTCCCCCACCC-1,SW31,Sst Myh8,L5
CACANATGTTGGGT-1,SW31,Sst Crh,L5
AGAAATNGCTAGGC-1,SW31,CHODL,L6
TTGGCTACCAGAGG-1,SW31,Sst Nmbr,L6
ACCCAGAGTAAGTC-1,SW31,Sst Hpse,L4
CAGACAAGGTTTTG-1,SW31,CHODL,L2_3
GGCAAAAATCATGT-1,SW31,Sst Mme,L2_3
CCGTTNACCAAATT-1,SW31,Sst Crh,L5
GGCGGATACATGCT-1,SW31,Sst Mme,L2_3
TTGTCTAGCTATTT-1,SW31,Sst Syndig1l,L5
GTCTGGGAGAATGA-1,SW31,Sst Crh,L6
GCCCCCTGTCCCTC-1,SW31,Sst Hpse,L5
GGCGNGGGTGTTCT-1,SW31,Sst Hpse,L4
AGGGGCCGACCAAA-1,SW31,Sst Syndig1l,L5
GCTAGAGAACAGGT-1,SW31,Sst Hpse,L4
GGCCGCGGAGGGGT-1,SW31,Sst Syndig1l,L5
GAAAAGGCGGACGT-1,SW31,Sst Syndig1l,L5
CTTTACCAAGGTAC-1,SW31,Sst Nmbr,L6
ACGTTGCGGAGAAT-1,SW31,Sst Hpse,L4
TCANTAATCACAGC-1,SW31,CHODL,L6
TTTCGCCGATACTC-1,SW31,Sst Nmbr,L6
CCAATCGTGTGCCT-1,SW31,CHODL,L2_3
GCAGGAATACAATG-1,SW31,Sst Crh,L6
CGCTTTTACGAGTA-1,SW31,CHODL,L6
GCACGACGCCAACC-1,SW31,Sst Hpse,L5
GCCCGCTCGCTAGT-1,SW31,Sst Myh8,L5
CTATTGGCAGTTAC-1,SW31,CHODL,L6
TCTGCCCTATCCAG-1,SW31,Sst Mme,L2_3
TATAACNATAATGT-1,SW31,Sst Nmbr,L5
TAAAAGGGCTTAGC-1,SW31,Sst Calb2,L4
AATTGCGTTTCTCC-1,SW31,Sst Calb2,L2_3
TCTTGATCTTGAAA-1,SW31,Sst Syndig1l,L5
ACTGCGGACCCAGT-1,SW31,Sst Hpse,L4
TACTGCGGACTGCC-1,SW31,Sst Syndig1l,L5
TTCCACCGTAGAGG-1,SW31,Sst Calb2,L2_3
GGGGTAGTTTGTAG-1,SW31,Sst Hpse,L5
GCGTAACGTGGCGT-1,SW31,Sst Crh,L6
GCCGCGAGNCTTTA-1,SW31,Sst Hpse,L4
GGTTACTTTCCTAG-1,SW31,Sst Crh,L6
ATCTCAGACACACG-1,SW31,Sst Crh,L6
AAGAGCNCAGCAGT-1,SW31,Sst Syndig1l,L5
AGAACTTTTGGAGC-1,SW31,Sst Calb2,L2_3
TGCGCAATCCTCAA-1,SW31,Sst Crh,L6
CTAATGGCCGTGAT-1,SW31,Sst Etv1,L5
TTTAATGATTTATG-1,SW31,Sst Calb2,L2_3
ACTTGGAGATTCTA-1,SW31,Sst Hpse,L4
TGACNACGGTAACA-1_1,SW31,Sst Hpse,L5
GGGGCAACAAGTTA-1_1,SW31,Sst Hpse,L4
AAGTAATGGAAGCC-1_1,SW31,Sst Hpse,L4
TGAGAGGGGGATTC-1,SW30,Sst Mme,L6
TGGNTGATAGTGAA-1,SW30,Sst Crh,L6
ACAATGGTACTATG-1,SW30,Sst Calb2,L2_3
AGAGNAAATTGGGT-1,SW30,Sst Nmbr,L6
CTCTGCTTAGGCCA-1,SW30,Sst Calb2,L4
ACTGATATGTTGGC-1,SW30,Sst Crh,L6
TAAAGACTTGGGTA-1,SW30,Sst Nmbr,L5
TCCACAAANTTCGT-1,SW30,Sst Etv1,L6
CGCGCCTAAACTAC-1,SW30,Sst Calb2,L2_3
CGAATAAACAATAC-1,SW30,Sst Crh,L6
CAACATCAGCCACC-1,SW30,Sst Hpse,L5
TGCGAACTGTGTCC-1,SW30,Sst Hpse,L4
TAGACTCCTACAAG-1,SW30,Sst Crh,L5
GGTAGNCTAGTCAT-1,SW30,Sst Calb2,L2_3
AAGGATTACTTGAA-1,SW30,Sst Calb2,L2_3
AAGCTNGCGTAAGG-1,SW30,Sst Mme,L5
CATTGCCGCCTGTT-1,SW30,Sst Etv1,L5
GATCTGCGTAAAGG-1,SW30,Sst Hpse,L4
TGGGGTCCGCCGGC-1,SW30,Sst Crh,L5
TTCCANGGCATGCT-1,SW30,Sst Etv1,L5
CCCAATAACAGATA-1,SW30,Sst Hpse,L4
TACCCGGATCCCCT-1,SW30,Sst Crh,L5
CCAGGGCCACGCTA-1,SW30,CHODL,L6
TAGACGGACACAAC-1,SW30,Sst Hpse,L4
TCGAGACCCCTATT-1,SW30,Sst Hpse,L5
ACAGCTAATATAGT-1,SW30,Sst Crh,L5
CTGGCGAACTGCAG-1,SW30,CHODL,L6
CATAGGCGTGGCTC-1,SW30,Sst Hpse,L5
TGAAATCCTAGGAG-1,SW30,CHODL,L6
GCACAATCTTCATT-1,SW30,Sst Hpse,L4
TCACGGGNGGTACT-1,SW30,Sst Calb2,L2_3
GCGTAAGCTAGACT-1,SW30,Sst Myh8,L5
ACGGAGTTGCACCA-1,SW30,Sst Hpse,L4
ATCCGGTACAGAGC-1,SW30,Sst Hpse,L4
CTTATGTGCGAGTA-1,SW30,Sst Calb2,L4
AAAAACCCAGTGCC-1,SW30,Sst Hpse,L4
AGCCACTGTAGGTA-1,SW30,Sst Crh,L6
TCGCCCAGGGGGCC-1,SW30,CHODL,L6b
CGAGGCAAGGGGAT-1,SW30,CHODL,L6
GGACATTTTTCGCA-1,SW30,CHODL,L6
AAACCGAAGTCAGT-1,SW30,Sst Etv1,L4
CAGTNCGACCTGCG-1,SW30,Sst Calb2,L2_3
TCGCATTCCTTACA-1,SW30,Sst Syndig1l,L5
ACNAATGTCACTCA-1,SW30,Sst Calb2,L2_3
CGTGCCGTTTTCTA-1,SW30,CHODL,L5
ATCAAAACTCTTTA-1,SW30,CHODL,L6
TCATAGACTTCTAG-1,SW30,CHODL,L6
CGCCTCCGCATCAA-1,SW30,Sst Hpse,L4
TTNCTTGATCCCTA-1,SW30,CHODL,L6
GAATTNNGGTCACG-1,SW30,Sst Calb2,L4
CCGGAATTTTGACC-1,SW30,CHODL,L6
GAGGCAANCCTCAG-1,SW30,Sst Myh8,L5
TGTCGGGTGGGCCC-1,SW30,CHODL,L6
CCGTTGAGGAAGAT-1,SW30,Sst Crh,L5
GTGCTACAATCAAA-1,SW30,Sst Calb2,L4
TCAGGCCCTTCCAT-1,SW30,Sst Myh8,L5
CGCAAGGGTTCGCG-1,SW30,CHODL,L6
ATGGTCATTGGAGT-1,SW30,CHODL,L6
CTTAAACCTCATCA-1,SW30,CHODL,L6
GCATTGCCGGCCGC-1,SW30,Sst Hpse,L4
CCGCCAGTNGGAAG-1,SW30,Sst Hpse,L5
CCAATAGGCACGGA-1,SW30,CHODL,L6
ACCCTCTTGTGCTA-1,SW30,CHODL,L6
ATATGGAATCCATG-1,SW30,Sst Calb2,L2_3
GGTAGGGTTCAAGC-1,SW30,Sst Calb2,L4
ACACCCGAGATCAT-1,SW30,CHODL,L6b
ATACATCCTACGCA-1,SW30,Sst Crh,L6
GCCGCCGAACATAC-1,SW30,Sst Hpse,L5
TGGACCGAGACAGA-1,SW30,Sst Hpse,L4
TACCACTAATTTCG-1,SW30,Sst Hpse,L4
CACTCAATACCCTG-1,SW30,Sst Myh8,L5
TAAGTGAGCACGAG-1,SW30,Sst Hpse,L4
ATTGCGAGGTCCTA-1,SW30,Sst Calb2,L4
ACGGACGTGCCCAC-1,SW30,Sst Mme,L2_3
TTAACAACGAGCAG-1,SW30,Sst Nmbr,L6
AAGCNGTAGTCCGC-1,SW30,Sst Mme,L2_3
CGTCTGGCCCAAAA-1,SW30,Sst Hpse,L4
ATATTNTAGGGCAA-1,SW30,CHODL,L6
CATGGATGCCGTGT-1,SW30,CHODL,L6b
TTCCGGGAGCTGAC-1,SW30,Sst Calb2,L5
CGACAAGCGGACAG-1,SW30,CHODL,L6b
GGTCCACGACGCAA-1,SW30,CHODL,L6
AAATGCAGCAGAAG-1_1,SW30,Sst Crh,L5
ACTAGGGGCCTACG-1_1,SW30,CHODL,L6
AAGACATGCAGCCC-1_1,SW30,CHODL,L6b
CAGGGCTCTACGAC-1_1,SW30,Sst Myh8,L5
TCGACAAAGCGGTC,F03,Sst Crh,L6
ACTCGCACGAGGGT,F03,Sst Etv1,L5
CATAAAACTGTTCA,F03,Sst Hpse,L5
GCCACCTAGTGTAA,F03,Sst Hpse,L4
TTAGTCCTTGAGGG,F03,CHODL,L6b
CCTGATGGTCTTAG,F03,Sst Crh,L6
CATACAGACACCAG,F03,CHODL,L5
AGGCCCCCAACAAG,F03,Sst Nmbr,L5
GAGTGGCTGGAATC,F03,CHODL,L5
CTCACGATCAGTCA,F03,Sst Hpse,L5
CATCCTTACTACTA,F03,Sst Syndig1l,L5
TTCAGTTATACCAA,F03,Sst Syndig1l,L5
GCGACGATGACGGT,F03,Sst Mme,L4
CACTCACCGACAGT,F03,CHODL,L6b
AGTCTGTAAATTGC,F03,Sst Etv1,L2_3
TGCCCAAAACGCTG,F03,Sst Nmbr,L6
CCGAGCAATCATAC,F03,Sst Syndig1l,L5
CTCCTATGGTTGTA,F03,Sst Calb2,L4
CACGTACCGTCTAC,F03,Sst Syndig1l,L6
TGCGTATGAGCGGG,F03,CHODL,L6b
TACGCGGGATGAGT,F03,Sst Hpse,L5
TCTATGATACTCGC,F03,CHODL,L6
ATCTGAATTTATCT,F03,Sst Hpse,L5
CCGCAAACTGCCCC,F03,Sst Etv1,L5
CCAGACGCCGACCT,F03,Sst Hpse,L4
CGTGTAATGACGTT,F03,Sst Hpse,L5
GTGCTGGGAACGTG,F03,Sst Crh,L6
TAATCAGGCAGACT,F03,Sst Mme,L4
TTCTCGTATTAGGG,F03,Sst Etv1,L5
GACCCCGAAATGTG,F03,Sst Syndig1l,L5
GCAATAACCTTAGA,F03,Sst Mme,L5
CTTGCGGTACTAGT,F03,CHODL,L6
GAGTAACTGGTTAT,F03,Sst Myh8,L5
AATAGTGAGACTTG,F03,Sst Hpse,L5
AGTTATTCAAGGTG,F03,Sst Mme,L5
GTAAACTGCATCGC,F03,Sst Hpse,L5
TCTCAAAGTCGATC,F03,Sst Mme,L4
TAGGATAGCAACCA,F03,Sst Nmbr,L6
ACGTTACTGGACCA,F03,CHODL,L6
AGCTGGGCTTATAT,F03,Sst Syndig1l,L5
TTGGTGCTGGTCTG,F03,CHODL,L6b
TTTAAGGTAAAGAC,F03,CHODL,L6
TGAGCCGAAACCTC,F03,Sst Syndig1l,L5
ATTGCGTTATTACT,F03,Sst Hpse,L4
CAGAAAACCACACT,F03,Sst Myh8,L5
CCCGCGAGACTTGT,F03,Sst Mme,L4
TTGCCCCACAACAA,F03,Sst Mme,L5
CTGATGATCTACGA,F03,Sst Hpse,L5
GGTGCGGTAACTGG,F03,CHODL,L6
CCTTATTCGAGTGG,F03,Sst Syndig1l,L5
TCCTTCCTCCGAGC_1,F03,CHODL,L6
ACAGTGTAATACTA_1,F03,Sst Calb2,L6b
CTTTGGGCTTGTTT_1,F03,Sst Nmbr,L6
CCCGCCCCCCAGCC_1,F03,CHODL,L6
TTATGAAAACGGAG_1,F03,CHODL,L6b
ATATAACTTGAACT_1,F03,Sst Etv1,L5
ACGTCCTTTTTCGT_1,F03,CHODL,L6
CTAGATTCGCCCTA_1,F03,Sst Hpse,L5
GATTGCCACTGCTG_1,F03,Sst Calb2,L5
ATATCTCATATAAT-1,SW56,CHODL,L6
CTATCTATGAATCG-1,SW56,Sst Hpse,L4
TGCGAAAAATCATA-1,SW56,Sst Mme,L4
AGAGCTTTTTTGAT-1,SW56,Sst Hpse,L6
GCCCCCGATGACAC-1,SW56,Sst Crh,L5
GACTCAACTCAATC-1,SW56,Sst Nmbr,L6
ACGACCGNAGGCCT-1,SW56,Sst Nmbr,L6
TGGCGCTTCTCGAC-1,SW56,Sst Crh,L6
AATTACGTTTCTGG-1,SW56,Sst Nmbr,L6
AACTATTCATGCCA-1,SW56,Sst Crh,L5
AGACGTAAAACCAT-1,SW56,Sst Mme,L4
CTGGCGGACACGAA-1,SW56,Sst Hpse,L4
GCTGAGNATACCGG-1,SW56,Sst Hpse,L5
TCGACTCGATCTGA-1,SW56,Sst Nmbr,L6
CTTATAGTGCACTC-1,SW56,Sst Etv1,L5
ACCCCTGCCGGATC-1,SW56,Sst Hpse,L4
TAAGCCAGGAAGCC-1,SW56,Sst Crh,L5
TCTCANTNGAGTAA-1,SW56,Sst Myh8,L5
AACACTCGTGGGAT-1,SW56,Sst Etv1,L5
CATACGACGCTACT-1,SW56,Sst Crh,L5
CCAGCGGTGAGCCC-1,SW56,Sst Nmbr,L6
GAGGGGTCCTGCGC-1,SW56,Sst Nmbr,L6
GCGCTACGGCATAG-1,SW56,Sst Hpse,L4
TAAGGTAACGAGAC-1,SW56,Sst Mme,L5
CCACAAGTCTACAG-1,SW56,Sst Nmbr,L6
TTTAAGGGTTCACG-1,SW56,Sst Etv1,L5
GATCCNTCCTTAGA-1,SW56,Sst Hpse,L5
CTGCGTCCTATGCA-1,SW56,Sst Myh8,L5
GCTACTCCATACCT-1,SW56,CHODL,L2_3
TGTNTGATGGATTT-1,SW56,Sst Hpse,L5
GTTTCTGACCGGAA-1,SW56,Sst Hpse,L4
CTACCAGTCCGGTA-1,SW56,Sst Calb2,L4
GACCTTCTAGCGAA-1,SW56,Sst Hpse,L5
GTGACTTTGCAATG-1,SW56,Sst Hpse,L4
TGAACCCCGANTGT-1,SW56,Sst Crh,L5
TAACCGACTTTGTA-1,SW56,Sst Nmbr,L5
ATATATTTGTGTTA-1,SW56,Sst Hpse,L5
TTCCCTTGGACNAA-1,SW56,CHODL,L6
GTGTGGACTTCCTT-1,SW56,CHODL,L6
CTATNAATCAATGG-1,SW56,Sst Hpse,L5
TGCAAGACAGGAAC-1,SW56,Sst Calb2,L2_3
GGCCCGAAACGTCC-1,SW56,Sst Hpse,L2_3
TACTCAACTCTTTG-1,SW56,Sst Hpse,L5
GTTTGCAGCTATCG-1,SW56,Sst Nmbr,L6
TACAAACAAGATGC-1,SW56,CHODL,L5
GAAATATCCGTAAA-1,SW56,CHODL,L6
TGGTCGATGACAGT-1,SW56,Sst Calb2,L2_3
CGCATGGATGTACC-1,SW56,Sst Calb2,L2_3
GGAGAACCTACGCG-1,SW56,Sst Calb2,L2_3
TACNGTGATTTACA-1,SW56,Sst Syndig1l,L5
CTTNAACGATTGAG-1,SW56,CHODL,L6
ACNTGAGAGTCGGC-1,SW56,Sst Mme,L4
GCTATAGGCACGTA-1,SW56,Sst Hpse,L4
CAGATTGGGCTGGA-1,SW56,Sst Myh8,L5
ACTAATTGAGCTGT-1,SW56,Sst Myh8,L5
GGTACANAGAATTC-1,SW56,Sst Calb2,L6
GGGAANTTAGTAAG-1,SW56,Sst Crh,L6
TTTTCTTTGGCGCC-1,SW56,CHODL,L6
CGCACTTATACTTC-1,SW56,CHODL,L6
GCATTCCCCGGGTA-1,SW56,CHODL,L6
GCCCAGGATACAGG-1,SW56,Sst Crh,L6
AGCCGAACNGGGTA-1,SW56,Sst Hpse,L4
AACATGCAGCTCCA-1,SW56,Sst Hpse,L5
CTGGNTCTTAAAGC-1,SW56,Sst Hpse,L4
CTTCGTTATGATTG-1,SW56,CHODL,L5
CGCCCTCCGCGTAC-1,SW56,Sst Calb2,L4
ATTGGAGCATAGCA-1,SW56,Sst Crh,L5
CCGTATAGGCCAAA-1,SW56,CHODL,L6b
AATTTATCCTTGGT-1,SW56,Sst Crh,L6
ACTGTACTATAGCA-1,SW56,Sst Crh,L6
GAGCAAGGCTACTA-1,SW56,Sst Mme,L5
GTAAGNTCGCGCTC-1,SW56,Sst Nmbr,L6
AGGGGCAACATATA-1,SW56,Sst Etv1,L4
ACCCANAATAATCT-1,SW56,CHODL,L2_3
AACTAAGTGTGCAA-1,SW56,Sst Crh,L5
CATAAATTGTTGTT-1,SW56,Sst Crh,L6
CAAGAAATCCGCTC-1,SW56,Sst Calb2,L4
TGTACNATGCCAGA-1,SW56,Sst Hpse,L4
CCCTCACTAAGACC-1,SW56,Sst Hpse,L4
TGAGAGGGTGACCA-1,SW56,Sst Myh8,L5
AACCCCCGTGCACA-1,SW56,Sst Calb2,L4
ACTGATGAGTGGAC-1,SW56,Sst Crh,L6
ACAGGTGGCAGACT-1,SW56,Sst Hpse,L6
CTATAACCAAAAGC-1,SW56,Sst Hpse,L5
TTTCCTTTGCGAGT-1,SW56,CHODL,L6b
CAGTATCATCGAGA-1,SW56,Sst Hpse,L4
GAGGACCNACTCAG-1,SW56,Sst Calb2,L2_3
AAAACTCGTTATAA-1,SW56,Sst Syndig1l,L4
CGGCCCGAGCTGTG-1,SW56,Sst Mme,L4
GGATAGGTCACACC-1,SW56,CHODL,L6
CACANTTTACAGAC-1,SW56,Sst Crh,L5
TGTTTACCATCTAG-1,SW56,Sst Hpse,L5
TGTTCAAGTCTCGT-1,SW56,CHODL,L6b
GCGCAGGCGACTAC-1,SW56,Sst Calb2,L4
GTATAGTCCCTAAG-1,SW56,Sst Hpse,L4
CCTAAAGCGAACTG-1,SW56,CHODL,L2_3
ATAATACACATCAA-1,SW56,CHODL,L6
TTGGACAAAAGCAG-1,SW56,CHODL,L5
GCGAGAAATTCNGT-1,SW56,Sst Crh,L6
CTAGGCGGACAGCT-1,SW56,CHODL,L6b
TGGTATTTGAGCCA-1,SW56,CHODL,L5
TCACGCTTCTAACA-1,SW56,CHODL,L6
ATTACNAGAGCCCA-1,SW56,Sst Myh8,L5
ATGATTNGTTCGAA-1,SW56,Sst Hpse,L4
CCGTTCAAACGGGG-1,SW56,Sst Crh,L5
TAGTGCACGTTTTC-1,SW56,Sst Syndig1l,L5
CGTATAGGGCCTGC-1,SW56,Sst Myh8,L5
TCTTAGGTAGATGA-1,SW56,Sst Calb2,L2_3
GCCAGTCATGTTTA-1,SW56,Sst Calb2,L5
ACTAGTGAGAGGTG-1,SW56,Sst Calb2,L5
TCTNAAATACTACA-1,SW56,Sst Mme,L5
ACCTGGCGAAGCAA-1,SW56,Sst Hpse,L4
CCCGTCCNCCAAAC-1,SW56,CHODL,L5
ACCGGACCGTTACT-1,SW56,Sst Hpse,L4
GATGCAGCGGCCCA-1,SW56,CHODL,L6b
GCGTAGCTCTACTT-1_1,SW56,Sst Hpse,L4
CCCCCAATTTCTGG-1_1,SW56,Sst Hpse,L4
AGTGCCCCCTAGCG-1_1,SW56,Sst Etv1,L2_3
AATNCAAGCGTTGT-1_1,SW56,Sst Nmbr,L5
TCGTTATTGATTTC-1_1,SW56,Sst Nmbr,L6
GCCAGGATCACGCG-1_1,SW56,Sst Hpse,L4
TAGCGTCACCTAGA-1_1,SW56,Sst Hpse,L4
ACTGAATACTACGC-1_1,SW56,Sst Hpse,L4
AGGATGTTGTAAGG-1_1,SW56,CHODL,L6
AAGGGNTTTAAATC-1_1,SW56,Sst Syndig1l,L6
CCCTTAACATACAA-1_1,SW56,CHODL,L6
CAGAGTACAATCTG-1_1,SW56,Sst Nmbr,L6
AAACGGAGAATACG-1_1,SW56,CHODL,L6
CATTCACGATCGCT-1_1,SW56,Sst Crh,L5
ACGTGGCACTGTCA-1_1,SW56,CHODL,L6
ACTTCGCCGAAATT-1_1,SW56,CHODL,L6b
TCCTANATGCCAGA-1_1,SW56,Sst Etv1,L5
AACAACTGGGAGGT-1_1,SW56,CHODL,L6
CTTGGNTTTCTATC-1_1,SW56,CHODL,L6b
AGTTTTTTCGATGA-1_1,SW56,Sst Myh8,L5
GAGGTGTNACGTCT-1,SW33,CHODL,L2_3
TAGAGCCGACCCAA-1,SW33,CHODL,L6
CCAGCCTTAGTCAC-1,SW33,Sst Calb2,L2_3
TAGTTAAGGCGCTT-1,SW33,Sst Hpse,L4
TATAGACGCACCCA-1,SW33,Sst Crh,L6
CTATAGGCCCGCCA-1,SW33,Sst Nmbr,L6
AGACCNCGCGCTAT-1,SW33,Sst Hpse,L5
GAGGAACNCCAAAT-1,SW33,Sst Calb2,L4
CGGCTAACTCTTAC-1,SW33,Sst Hpse,L4
GACGTCGCATGCGG-1,SW33,Sst Hpse,L4
TTCTAGGATTTGAC-1,SW33,CHODL,L5
CTGTTGGCACCCTA-1,SW33,Sst Nmbr,L6
ATGCGGGCCTTATG-1,SW33,Sst Hpse,L5
TGGGATGATCACGG-1,SW33,Sst Crh,L6
ACGTCCGGAGAGGT-1,SW33,Sst Crh,L6
CTTGATCGGCCATT-1,SW33,Sst Etv1,L5
TCTGGGACCGCCCG-1,SW33,CHODL,L6
CCTGCCTACTACAG-1,SW33,Sst Syndig1l,L5
ATAACTTGGAACCA-1,SW33,Sst Myh8,L5
TTATAGTGACTGGC-1,SW33,Sst Hpse,L4
AAGGCGATGACGGC-1,SW33,Sst Hpse,L4
ATAGACCACCCCCC-1,SW33,Sst Mme,L4
GGGTGCACACACAT-1,SW33,Sst Crh,L6
ATTGGTTCGTCCAC-1,SW33,Sst Myh8,L5
CCCTATTGCACGTG-1,SW33,Sst Crh,L6
ACTCTACCTCGGTG-1,SW33,Sst Nmbr,L5
AAAGATTTACAATG-1,SW33,Sst Myh8,L5
CTTTGCCCGCAACA-1,SW33,Sst Hpse,L5
GTGCCGAATGGTCC-1,SW33,CHODL,L6
CACCGCACCAAGAC-1,SW33,Sst Crh,L6
GGGTGCTTTACTAG-1,SW33,Sst Hpse,L4
TGCTATTGTAAACT-1,SW33,Sst Myh8,L5
TCTGGNTTGAGCTC-1,SW33,Sst Nmbr,L6
TTGCAGGGGATGCA-1,SW33,CHODL,L4
ATCTATTAGATTCC-1,SW33,CHODL,L6
AGTGGACAATACAC-1,SW33,Sst Hpse,L4
NCATGAACGATAGA-1,SW33,Sst Nmbr,L6
AGGGAGAAACCCAA-1,SW33,Sst Myh8,L5
GTATATTGAATGCT-1,SW33,CHODL,L6
CACTGGGACAAAAT-1,SW33,CHODL,L6
ATTGGGTTGGACCG-1,SW33,Sst Crh,L5
CGACTTAGGTCAAC-1,SW33,CHODL,L6
AGCCCTTTCACCGC-1,SW33,CHODL,L4
CTTTTGCTCACCCG-1,SW33,CHODL,L6
GGGCTGCATTTACG-1,SW33,CHODL,L5
TATTATTCTATCCG-1,SW33,Sst Calb2,L2_3
GTTATAAACGCACG-1,SW33,Sst Hpse,L5
AACNTCTATCGAAA-1,SW33,Sst Nmbr,L6
CAGTGNGCACTTGT-1,SW33,Sst Hpse,L5
GCGTGTTTCATTCT-1,SW33,Sst Crh,L5
CGAAAAGTGCCCCA-1,SW33,Sst Hpse,L5
CTGCGGGTCGTACT-1,SW33,Sst Syndig1l,L4
ATTGTCGTGTAAAC-1,SW33,CHODL,L5
CATATTAAGAAGTA-1,SW33,Sst Etv1,L5
GCGTTACGGTCCAG-1,SW33,Sst Hpse,L4
AGCTNTTAGGAGGA-1,SW33,Sst Myh8,L5
GACCTCCCCGCAAC-1,SW33,CHODL,L6
CGCGTCCTCATCAT-1,SW33,Sst Hpse,L4
CCACGCGTTTGTCG-1,SW33,CHODL,L6
GGACCGCATAGACC-1,SW33,Sst Syndig1l,L4
TCACCTTCTTAAAA-1,SW33,Sst Nmbr,L6
TGCATGACTTCGCT-1,SW33,Sst Calb2,L2_3
AATGCTGTGCGGCC-1,SW33,Sst Mme,L4
ATTCAAGTTCGGCC-1,SW33,Sst Mme,L4
CTTCTCTGGACCAA-1,SW33,Sst Mme,L2_3
TTGTGCTGCGCATT-1,SW33,Sst Crh,L6
ACTAGCATTTTGTT-1,SW33,Sst Nmbr,L6
TGCAGGAATTGGGT-1,SW33,Sst Hpse,L4
AGTATAACTTCTAT-1,SW33,Sst Calb2,L4
ACTTCTGATATAAA-1,SW33,Sst Hpse,L5
TATGGCTGGAGTTA-1,SW33,Sst Calb2,L4
CTTTAATACCAAGG-1,SW33,Sst Mme,L6
ACTCACGTGTGCGA-1,SW33,Sst Hpse,L4
CCCGCTTCGGCTCG-1,SW33,CHODL,L4
ACNTTAAGTTGGGA-1,SW33,CHODL,L2_3
ACAGGTACTATGAT-1,SW33,Sst Calb2,L4
TTCAAGACGCACAT-1,SW33,Sst Hpse,L4
TAATCTCCCTCCCT-1,SW33,Sst Hpse,L4
ACACGGCACCAGGC-1,SW33,Sst Etv1,L5
TAGGCGCATATGAG-1,SW33,Sst Syndig1l,L4
ACAACCCCTGGAAT-1,SW33,Sst Mme,L2_3
CAGTGCCTACCATA-1,SW33,Sst Syndig1l,L5
CGTCCTGTCGGAGG-1,SW33,Sst Nmbr,L6
AAGCTGGCTCCGAA-1,SW33,CHODL,L6
CATGCACTGTTAGT-1,SW33,CHODL,L6
TTACTTTGGTAAGT-1_1,SW33,Sst Calb2,L4
ATTTGTAATGAGGT-1_1,SW33,Sst Hpse,L4
CTACGATGAAGATA-1_1,SW33,Sst Myh8,L5
TACAGATCCGGCTA-1_1,SW33,Sst Myh8,L5
CCGGACCGGCAGGG-1_1,SW33,Sst Calb2,L4
GAATGACAGGAGGC-1_1,SW33,Sst Etv1,L4
ATCTTCTCCAGAAT-1_1,SW33,Sst Nmbr,L5
CCAGCTATAGCGGT-1_1,SW33,Sst Nmbr,L6
ACGCCCCGCCTCTA-1_1,SW33,Sst Calb2,L5
